{
  "datetime": "2025-11-08T12:13:13.965013",
  "fits": [
    {
      "context": {
        "data_source": "instruct",
        "fit_model": "postopenai_lookup",
        "eval": "holdout_score",
        "fit_curve": "N",
        "fit_x": "E",
        "fit_metric": "ErrRate",
        "warmup_clip": 0,
        "ending_clip": 0,
        "x_inv_weight_power": 0.0,
        "fit_curve_mask": [
          1500000000.0,
          3000000000.0,
          7000000000.0,
          14000000000.0,
          32000000000.0,
          72000000000.0
        ]
      },
      "params": {
        "N0": 499999998.90794224,
        "beta": 1.0891723742071988,
        "alpha": 0.19811442083807074,
        "B0_1p5B": 134654.508026071,
        "B0_3B": 41373.28418771254,
        "B0_7B": 4782.961559629775,
        "B0_14B": 1634.6561178246986,
        "B0_32B": 337.99171441658245,
        "B0_72B": 341.3312527027573,
        "C0_1p5B": 412176.1256608177,
        "C0_3B": 142838.36717500907,
        "C0_7B": 27170.316357617237,
        "C0_14B": 19153.495070661633,
        "C0_32B": 4333.039254146346,
        "C0_72B": 4928.635278833221
      },
      "info": {
        "r2": 0.995057554646982,
        "loss": 0.0001456846710560498,
        "n_points": 626
      }
    }
  ]
}